insert or ignore into app_settings (key, value_json) values
  ('official_start_date', '"2026-04-30"'),
  ('base_currency', '"CNY"'),
  ('target_saving_rate', '0.3');

insert or ignore into categories (id, name, category_kind, rigidity, is_personal, sort_order) values
  ('cat_expense_housing', '房租+住房', 'expense', 'fixed', 0, 10),
  ('cat_expense_utilities', '电费+水费', 'expense', 'fixed', 0, 20),
  ('cat_expense_phone', '通讯话费', 'expense', 'fixed', 0, 30),
  ('cat_expense_meal', '餐饮', 'expense', 'fixed', 0, 40),
  ('cat_expense_zhen_insurance', '禛总保险', 'expense', 'fixed', 1, 50),
  ('cat_expense_zhen', '禛总', 'expense', 'flexible', 1, 110),
  ('cat_expense_dining_out', '外出吃饭', 'expense', 'flexible', 0, 120),
  ('cat_expense_coffee', '咖啡奶茶', 'expense', 'flexible', 0, 130),
  ('cat_expense_daily', '生活日用', 'expense', 'flexible', 0, 140),
  ('cat_expense_shopping', '购物', 'expense', 'flexible', 0, 150),
  ('cat_expense_transport', '交通', 'expense', 'flexible', 0, 160),
  ('cat_expense_medical', '医疗', 'expense', 'flexible', 0, 170),
  ('cat_expense_learning', '学习和书籍', 'expense', 'flexible', 0, 180),
  ('cat_expense_fun', '爱好娱乐', 'expense', 'flexible', 0, 190),
  ('cat_expense_travel', '旅游', 'expense', 'flexible', 0, 200),
  ('cat_expense_clothes', '衣物', 'expense', 'flexible', 0, 210),
  ('cat_expense_gift', '人情', 'expense', 'flexible', 0, 220),
  ('cat_expense_friends', '朋友玩', 'expense', 'flexible', 0, 230),
  ('cat_expense_work', '工作', 'expense', 'flexible', 0, 240),
  ('cat_expense_sport', '运动', 'expense', 'flexible', 0, 250),
  ('cat_expense_elder', '长辈', 'expense', 'flexible', 0, 260),
  ('cat_expense_weekend', '周末逛', 'expense', 'flexible', 0, 270),
  ('cat_expense_love', '恋爱', 'expense', 'flexible', 0, 280),
  ('cat_income_salary', '工资', 'income', null, 0, 10),
  ('cat_income_living', '生活费', 'income', null, 0, 20),
  ('cat_income_part_time', '兼职', 'income', null, 0, 30),
  ('cat_income_red_packet', '红包', 'income', null, 0, 40),
  ('cat_income_cashback', '返现', 'income', null, 0, 50),
  ('cat_income_other', '其它收入', 'income', null, 0, 90);

insert or ignore into category_mappings (id, source_type, raw_category, category_id, confidence) values
  ('map_shark_meal', 'shark_csv', '餐饮', 'cat_expense_meal', 1),
  ('map_shark_dining_out', 'shark_csv', '外出吃饭', 'cat_expense_dining_out', 1),
  ('map_shark_coffee', 'shark_csv', '咖啡奶茶', 'cat_expense_coffee', 1),
  ('map_shark_daily', 'shark_csv', '日用', 'cat_expense_daily', 1),
  ('map_shark_shopping', 'shark_csv', '购物', 'cat_expense_shopping', 1),
  ('map_shark_transport', 'shark_csv', '交通', 'cat_expense_transport', 1),
  ('map_shark_travel', 'shark_csv', '旅行', 'cat_expense_travel', 1),
  ('map_shark_fun', 'shark_csv', '娱乐', 'cat_expense_fun', 1),
  ('map_shark_housing', 'shark_csv', '住房', 'cat_expense_housing', 1),
  ('map_shark_utilities', 'shark_csv', '水电', 'cat_expense_utilities', 1),
  ('map_shark_phone', 'shark_csv', '通讯', 'cat_expense_phone', 1),
  ('map_shark_learning', 'shark_csv', '学习', 'cat_expense_learning', 1),
  ('map_shark_book', 'shark_csv', '书籍', 'cat_expense_learning', 1),
  ('map_shark_friends', 'shark_csv', '朋友玩', 'cat_expense_friends', 1),
  ('map_shark_work', 'shark_csv', '工作', 'cat_expense_work', 1),
  ('map_shark_sport', 'shark_csv', '运动', 'cat_expense_sport', 1),
  ('map_shark_elder', 'shark_csv', '长辈', 'cat_expense_elder', 1),
  ('map_shark_weekend', 'shark_csv', '周末逛', 'cat_expense_weekend', 1),
  ('map_shark_love', 'shark_csv', '恋爱', 'cat_expense_love', 1),
  ('map_shark_clothes', 'shark_csv', '衣物', 'cat_expense_clothes', 1),
  ('map_shark_gift', 'shark_csv', '人情', 'cat_expense_gift', 1),
  ('map_shark_zhen', 'shark_csv', '禛总', 'cat_expense_zhen', 1),
  ('map_shark_salary', 'shark_csv', '工资', 'cat_income_salary', 1),
  ('map_shark_living', 'shark_csv', '生活费', 'cat_income_living', 1),
  ('map_shark_part_time', 'shark_csv', '兼职', 'cat_income_part_time', 1),
  ('map_shark_red_packet', 'shark_csv', '红包🧧', 'cat_income_red_packet', 1),
  ('map_shark_red_packet_plain', 'shark_csv', '红包', 'cat_income_red_packet', 1),
  ('map_shark_cashback', 'shark_csv', '返现', 'cat_income_cashback', 1),
  ('map_shark_second_hand', 'shark_csv', '二手', 'cat_income_other', 1),
  ('map_shark_other', 'shark_csv', '其它', 'cat_income_other', 1),
  ('map_shark_other_income', 'shark_csv', '其它收入', 'cat_income_other', 1);

insert or ignore into asset_categories (id, name, parent_id, level, sort_order) values
  ('asset_cat_cash', '现金', null, 'main', 10),
  ('asset_sub_bank_payment', '银行/支付账户', 'asset_cat_cash', 'sub', 11),
  ('asset_sub_money_market_cash', '货币现金', 'asset_cat_cash', 'sub', 12),
  ('asset_sub_short_deposit', '短期存款', 'asset_cat_cash', 'sub', 13),
  ('asset_cat_us_equity', '美股', null, 'main', 20),
  ('asset_sub_sp500', '标普', 'asset_cat_us_equity', 'sub', 21),
  ('asset_sub_nasdaq', '纳斯达克', 'asset_cat_us_equity', 'sub', 22),
  ('asset_sub_us_tech', '科技', 'asset_cat_us_equity', 'sub', 23),
  ('asset_sub_other_us', '其他', 'asset_cat_us_equity', 'sub', 24),
  ('asset_cat_dividend_low_vol', '红利低波', null, 'main', 30),
  ('asset_sub_dividend', '红利/高股息', 'asset_cat_dividend_low_vol', 'sub', 31),
  ('asset_sub_low_vol', '低波/红利低波', 'asset_cat_dividend_low_vol', 'sub', 32),
  ('asset_cat_bond', '债券', null, 'main', 40),
  ('asset_sub_short_bond', '短债/中短债', 'asset_cat_bond', 'sub', 41),
  ('asset_sub_pure_bond', '纯债/信用债', 'asset_cat_bond', 'sub', 42),
  ('asset_sub_treasury_bond', '国债/政策金融债', 'asset_cat_bond', 'sub', 43),
  ('asset_cat_gold', '黄金', null, 'main', 50),
  ('asset_sub_gold_etf', '黄金ETF', 'asset_cat_gold', 'sub', 51),
  ('asset_cat_a_share', 'A股权益', null, 'main', 60),
  ('asset_sub_a_share_broad', '宽基', 'asset_cat_a_share', 'sub', 61),
  ('asset_sub_a_share_sector_active', '行业/主动', 'asset_cat_a_share', 'sub', 62),
  ('asset_cat_other', '其他', null, 'main', 90),
  ('asset_sub_receivable', '应收', 'asset_cat_other', 'sub', 91),
  ('asset_sub_insurance_pension', '保险/养老金', 'asset_cat_other', 'sub', 92),
  ('asset_sub_liability', '负债', 'asset_cat_other', 'sub', 93),
  ('asset_sub_uncategorized', '未分类', 'asset_cat_other', 'sub', 99);

insert or ignore into tags (id, name, group_name, is_system) values
  ('tag_sp500', '标普', '指数', 1),
  ('tag_nasdaq', '纳斯达克', '指数', 1),
  ('tag_dca', '定投中', '策略', 1),
  ('tag_qdii', 'QDII', '产品属性', 1),
  ('tag_a_class', 'A类', '产品属性', 1),
  ('tag_c_class', 'C类', '产品属性', 1),
  ('tag_alipay', '支付宝', '平台', 1),
  ('tag_cash_available', '可用现金', '现金', 1),
  ('tag_bond', '债券', '资产类别', 1),
  ('tag_gold', '黄金', '资产类别', 1),
  ('tag_dividend_low_vol', '红利低波', '策略', 1),
  ('tag_bangnitou', '帮你投', '产品', 1);
