insert or ignore into app_settings (key, value_json) values
  ('official_start_date', '"2026-04-30"'),
  ('base_currency', '"CNY"'),
  ('target_saving_rate', '0.5');

insert or ignore into categories (id, name, category_kind, rigidity, is_personal, sort_order) values
  ('cat_expense_housing', '房租+住房', 'expense', 'fixed', 0, 10),
  ('cat_expense_utilities', '电费+水费', 'expense', 'fixed', 0, 20),
  ('cat_expense_phone', '通讯话费', 'expense', 'fixed', 0, 30),
  ('cat_expense_meal', '餐饮', 'expense', 'fixed', 0, 40),
  ('cat_expense_zhen_insurance', '禛总保险', 'expense', 'fixed', 1, 50),
  ('cat_expense_zhen', '禛总', 'expense', 'flexible', 1, 110),
  ('cat_expense_dining_out', '外出吃饭', 'expense', 'flexible', 0, 120),
  ('cat_expense_coffee', '咖啡奶茶', 'expense', 'flexible', 0, 130),
  ('cat_expense_daily', '生活日用', 'expense', 'flexible', 0, 140),
  ('cat_expense_shopping', '购物', 'expense', 'flexible', 0, 150),
  ('cat_expense_transport', '交通', 'expense', 'flexible', 0, 160),
  ('cat_expense_medical', '医疗', 'expense', 'flexible', 0, 170),
  ('cat_expense_learning', '学习和书籍', 'expense', 'flexible', 0, 180),
  ('cat_expense_fun', '爱好娱乐', 'expense', 'flexible', 0, 190),
  ('cat_expense_travel', '旅游', 'expense', 'flexible', 0, 200),
  ('cat_expense_clothes', '衣物', 'expense', 'flexible', 0, 210),
  ('cat_expense_gift', '人情', 'expense', 'flexible', 0, 220),
  ('cat_expense_friends', '朋友玩', 'expense', 'flexible', 0, 230),
  ('cat_expense_work', '工作', 'expense', 'flexible', 0, 240),
  ('cat_expense_sport', '运动', 'expense', 'flexible', 0, 250),
  ('cat_expense_elder', '长辈', 'expense', 'flexible', 0, 260),
  ('cat_expense_weekend', '周末逛', 'expense', 'flexible', 0, 270),
  ('cat_expense_love', '恋爱', 'expense', 'flexible', 0, 280),
  ('cat_income_salary', '工资', 'income', null, 0, 10),
  ('cat_income_living', '生活费', 'income', null, 0, 20),
  ('cat_income_part_time', '兼职', 'income', null, 0, 30),
  ('cat_income_red_packet', '红包', 'income', null, 0, 40),
  ('cat_income_cashback', '返现', 'income', null, 0, 50),
  ('cat_income_other', '其它收入', 'income', null, 0, 90);

insert or ignore into category_mappings (id, source_type, raw_category, category_id, confidence) values
  ('map_shark_meal', 'shark_csv', '餐饮', 'cat_expense_meal', 1),
  ('map_shark_dining_out', 'shark_csv', '外出吃饭', 'cat_expense_dining_out', 1),
  ('map_shark_coffee', 'shark_csv', '咖啡奶茶', 'cat_expense_coffee', 1),
  ('map_shark_daily', 'shark_csv', '日用', 'cat_expense_daily', 1),
  ('map_shark_shopping', 'shark_csv', '购物', 'cat_expense_shopping', 1),
  ('map_shark_transport', 'shark_csv', '交通', 'cat_expense_transport', 1),
  ('map_shark_travel', 'shark_csv', '旅行', 'cat_expense_travel', 1),
  ('map_shark_fun', 'shark_csv', '娱乐', 'cat_expense_fun', 1),
  ('map_shark_housing', 'shark_csv', '住房', 'cat_expense_housing', 1),
  ('map_shark_utilities', 'shark_csv', '水电', 'cat_expense_utilities', 1),
  ('map_shark_phone', 'shark_csv', '通讯', 'cat_expense_phone', 1),
  ('map_shark_learning', 'shark_csv', '学习', 'cat_expense_learning', 1),
  ('map_shark_book', 'shark_csv', '书籍', 'cat_expense_learning', 1),
  ('map_shark_friends', 'shark_csv', '朋友玩', 'cat_expense_friends', 1),
  ('map_shark_work', 'shark_csv', '工作', 'cat_expense_work', 1),
  ('map_shark_sport', 'shark_csv', '运动', 'cat_expense_sport', 1),
  ('map_shark_elder', 'shark_csv', '长辈', 'cat_expense_elder', 1),
  ('map_shark_weekend', 'shark_csv', '周末逛', 'cat_expense_weekend', 1),
  ('map_shark_love', 'shark_csv', '恋爱', 'cat_expense_love', 1),
  ('map_shark_clothes', 'shark_csv', '衣物', 'cat_expense_clothes', 1),
  ('map_shark_gift', 'shark_csv', '人情', 'cat_expense_gift', 1),
  ('map_shark_zhen', 'shark_csv', '禛总', 'cat_expense_zhen', 1),
  ('map_shark_salary', 'shark_csv', '工资', 'cat_income_salary', 1),
  ('map_shark_living', 'shark_csv', '生活费', 'cat_income_living', 1),
  ('map_shark_part_time', 'shark_csv', '兼职', 'cat_income_part_time', 1),
  ('map_shark_red_packet', 'shark_csv', '红包🧧', 'cat_income_red_packet', 1),
  ('map_shark_red_packet_plain', 'shark_csv', '红包', 'cat_income_red_packet', 1),
  ('map_shark_cashback', 'shark_csv', '返现', 'cat_income_cashback', 1),
  ('map_shark_second_hand', 'shark_csv', '二手', 'cat_income_other', 1),
  ('map_shark_other', 'shark_csv', '其它', 'cat_income_other', 1),
  ('map_shark_other_income', 'shark_csv', '其它收入', 'cat_income_other', 1);

insert or ignore into asset_categories (id, name, parent_id, level, sort_order) values
  ('asset_cat_us_equity', '美股', null, 'main', 10),
  ('asset_cat_dividend_low_vol', '红利低波', null, 'main', 20),
  ('asset_cat_gold', '黄金', null, 'main', 30),
  ('asset_cat_bond', '债券', null, 'main', 40),
  ('asset_cat_cash', '现金', null, 'main', 50),
  ('asset_sub_sp500', '标普', 'asset_cat_us_equity', 'sub', 11),
  ('asset_sub_nasdaq', '纳斯达克', 'asset_cat_us_equity', 'sub', 12),
  ('asset_sub_info_tech', '信息科技', 'asset_cat_us_equity', 'sub', 13),
  ('asset_sub_other_us', '其他美股', 'asset_cat_us_equity', 'sub', 14),
  ('asset_sub_dividend_low_vol', '红利低波', 'asset_cat_dividend_low_vol', 'sub', 21),
  ('asset_sub_gold', '黄金', 'asset_cat_gold', 'sub', 31),
  ('asset_sub_bond_fund', '债券基金', 'asset_cat_bond', 'sub', 41),
  ('asset_sub_bond_cash', '债券现金', 'asset_cat_cash', 'sub', 51),
  ('asset_sub_cash', '现金', 'asset_cat_cash', 'sub', 52),
  ('asset_sub_receivable', '应收押金', 'asset_cat_cash', 'sub', 53);

insert or ignore into tags (id, name, group_name, is_system) values
  ('tag_sp500', '标普', '指数', 1),
  ('tag_nasdaq', '纳斯达克', '指数', 1),
  ('tag_dca', '定投中', '策略', 1),
  ('tag_qdii', 'QDII', '产品属性', 1),
  ('tag_a_class', 'A类', '产品属性', 1),
  ('tag_c_class', 'C类', '产品属性', 1),
  ('tag_alipay', '支付宝', '平台', 1),
  ('tag_cash_available', '可用现金', '现金', 1),
  ('tag_bond', '债券', '资产类别', 1),
  ('tag_gold', '黄金', '资产类别', 1),
  ('tag_dividend_low_vol', '红利低波', '策略', 1),
  ('tag_bangnitou', '帮你投', '产品', 1);

insert or ignore into assets (id, name, asset_type, main_asset_category_id, sub_asset_category_id, currency, platform, is_dca, note) values
  ('asset_huabao_nasdaq_a', '华宝纳斯达克a', 'fund', 'asset_cat_us_equity', 'asset_sub_nasdaq', 'CNY', null, 0, null),
  ('asset_efund_sp500_a', '易方达标普a', 'fund', 'asset_cat_us_equity', 'asset_sub_sp500', 'CNY', null, 0, null),
  ('asset_tianhong_sp500_a', '天虹标普a', 'fund', 'asset_cat_us_equity', 'asset_sub_sp500', 'CNY', null, 0, null),
  ('asset_morgan_sp500_a', '摩根标普a', 'fund', 'asset_cat_us_equity', 'asset_sub_sp500', 'CNY', null, 0, null),
  ('asset_efund_sp500_c', '易方达标普c', 'fund', 'asset_cat_us_equity', 'asset_sub_sp500', 'CNY', null, 0, null),
  ('asset_southern_nasdaq_a', '南方纳斯达克a', 'fund', 'asset_cat_us_equity', 'asset_sub_nasdaq', 'CNY', null, 0, null),
  ('asset_jiashi_nasdaq_a', '嘉实纳斯达克a', 'fund', 'asset_cat_us_equity', 'asset_sub_nasdaq', 'CNY', null, 0, null),
  ('asset_tianhong_nasdaq_c', '天虹纳斯达克c', 'fund', 'asset_cat_us_equity', 'asset_sub_nasdaq', 'CNY', null, 0, null),
  ('asset_tianhong_nasdaq_a', '天虹纳斯达克a', 'fund', 'asset_cat_us_equity', 'asset_sub_nasdaq', 'CNY', null, 0, null),
  ('asset_guangfa_nasdaq_a', '广发纳斯达克a', 'fund', 'asset_cat_us_equity', 'asset_sub_nasdaq', 'CNY', null, 0, null),
  ('asset_guangfa_nasdaq_c', '广发纳斯达克c', 'fund', 'asset_cat_us_equity', 'asset_sub_nasdaq', 'CNY', null, 0, null),
  ('asset_morgan_nasdaq_a', '摩根纳斯达克a', 'fund', 'asset_cat_us_equity', 'asset_sub_nasdaq', 'CNY', null, 0, null),
  ('asset_efund_sp500_info_tech_a', '易方达标普信息科技a', 'fund', 'asset_cat_us_equity', 'asset_sub_info_tech', 'CNY', null, 0, null),
  ('asset_bangnitou_90', '帮你投精选90', 'fund', 'asset_cat_us_equity', 'asset_sub_other_us', 'CNY', null, 0, null),
  ('asset_bangnitou_100', '帮你投100进攻', 'fund', 'asset_cat_us_equity', 'asset_sub_other_us', 'CNY', null, 0, null),
  ('asset_southern_dividend_low_vol', '南方红利低波', 'fund', 'asset_cat_dividend_low_vol', 'asset_sub_dividend_low_vol', 'CNY', null, 0, null),
  ('asset_cmb_bond', '招商债券', 'bond_fund', 'asset_cat_bond', 'asset_sub_bond_fund', 'CNY', null, 0, null),
  ('asset_western_bond_a', '西部债券a', 'bond_fund', 'asset_cat_bond', 'asset_sub_bond_fund', 'CNY', null, 0, null),
  ('asset_efund_bond_a', '易方达债券a', 'bond_fund', 'asset_cat_bond', 'asset_sub_bond_fund', 'CNY', null, 0, null),
  ('asset_bond_cash', '债券现金', 'cash_account', 'asset_cat_cash', 'asset_sub_bond_cash', 'CNY', null, 0, null),
  ('asset_cash', '现金', 'cash_account', 'asset_cat_cash', 'asset_sub_cash', 'CNY', null, 0, null),
  ('asset_receivable_deposit', '应收押金', 'receivable', 'asset_cat_cash', 'asset_sub_receivable', 'CNY', null, 0, null),
  ('asset_gold', '黄金', 'gold', 'asset_cat_gold', 'asset_sub_gold', 'CNY', null, 0, null);

insert or ignore into portfolio_targets (id, version_name, effective_from, note) values
  ('target_v1_default', 'v1 default', '2026-04-30', 'confirmed by user');

insert or ignore into portfolio_target_items (id, target_id, main_asset_category_id, target_percent, risk_level) values
  ('target_v1_us_equity', 'target_v1_default', 'asset_cat_us_equity', 0.70, 'high'),
  ('target_v1_dividend_low_vol', 'target_v1_default', 'asset_cat_dividend_low_vol', 0.10, 'medium'),
  ('target_v1_gold', 'target_v1_default', 'asset_cat_gold', 0.10, 'medium'),
  ('target_v1_bond', 'target_v1_default', 'asset_cat_bond', 0.10, 'low'),
  ('target_v1_cash', 'target_v1_default', 'asset_cat_cash', 0.00, 'low');
